{
  "hash": "3cb35952",
  "configHash": "fc1ee672",
  "lockfileHash": "b577e42b",
  "browserHash": "0ce7de0c",
  "optimized": {
    "@angular/common": {
      "src": "../../../../../node_modules/@angular/common/fesm2022/common.mjs",
      "file": "@angular_common.js",
      "fileHash": "40bcb694",
      "needsInterop": false
    },
    "@angular/common/http": {
      "src": "../../../../../node_modules/@angular/common/fesm2022/http.mjs",
      "file": "@angular_common_http.js",
      "fileHash": "8f7e4e01",
      "needsInterop": false
    },
    "@angular/core": {
      "src": "../../../../../node_modules/@angular/core/fesm2022/core.mjs",
      "file": "@angular_core.js",
      "fileHash": "cf0c4757",
      "needsInterop": false
    },
    "@angular/forms": {
      "src": "../../../../../node_modules/@angular/forms/fesm2022/forms.mjs",
      "file": "@angular_forms.js",
      "fileHash": "c038452a",
      "needsInterop": false
    },
    "@angular/platform-browser": {
      "src": "../../../../../node_modules/@angular/platform-browser/fesm2022/platform-browser.mjs",
      "file": "@angular_platform-browser.js",
      "fileHash": "4387f151",
      "needsInterop": false
    },
    "@angular/router": {
      "src": "../../../../../node_modules/@angular/router/fesm2022/router.mjs",
      "file": "@angular_router.js",
      "fileHash": "dd05fb91",
      "needsInterop": false
    }
  },
  "chunks": {
    "chunk-QCSZ6SIK": {
      "file": "chunk-QCSZ6SIK.js"
    },
    "chunk-BHA3TXVS": {
      "file": "chunk-BHA3TXVS.js"
    },
    "chunk-I57INRUT": {
      "file": "chunk-I57INRUT.js"
    },
    "chunk-3XWGUD7K": {
      "file": "chunk-3XWGUD7K.js"
    }
  }
}